Marasuchus,0,?,?,?,?,?,?,?,?,?,?,?,?,?,?,?,?,?,?,?,?,?,?,?,?,?,?,?,?,?,?,?,?,?,?,?,?,?,?,?,?,?,?,?,?,?,?,?,?,?,?,?,?,?,?,?,?,?,?,?,?,?,?,?,?,?,?,?,?,?,?,?,?,?,?,?,?,?,?,?,?,?,?,?,?,?,?,?,?,?,?,?,?,?,?,?,?,?,?,?,?,?,?,?,?,?,?,?,?,?,?,?,?,?,?,?,?,?,?,?,?,0,?,?,?,?,?,?,?,?,?,?,?,?,?,?,?,?,?,?,?,0,?,?,0,0,-,?,?,?,1,?,0,?,0,?,?,?,?,?,1,?,?,?,?,0,?,?,?,?,?,0,?,?,?,?,?,?,?,?,?,?,?,?,?,?,?,?,0,0,0,1,0,0,2,-,?,0,0,?,0,2,-,-,-,0,1,2,?,0,-,0,?,0,0,?,?,0,0,0,0,0,0,0,0,1,?,0,0,-,0,0,0,?,2,3,0,-,0,?,0,0,2,0,-,0,?,?,?,0,0,2,0,0,0
Silesaurus,0,0,1,0,0,1,?,0,-,0,0,0,1,?,-,3,?,0,-,1,0,0,3,0,0,0,3,?,-,-,-,?,0,0,0,0,0,0,0,0,-,0,0,?,1,?,1,?,0,0,0,-,?,0,0,-,-,?,?,0,?,?,?,0,?,1,?,?,0,0,?,?,?,?,?,?,1,0,1,?,?,?,?,1,0,0,?,?,0,0,?,?,?,?,0,0,1,1,1,-,-,-,-,-,?,4,0,?,?,0,0,0,0,0,?,0,?,?,1,0,0,0,?,?,?,0,?,0,0,0,0,?,?,0,?,?,0,0,0,?,2,0,0,0,0,0,-,0,0,2,1,0,0,2,1,0,0,1,?,?,?,?,?,?,0,0,0,0,?,?,?,0,?,0,2,0,?,0,0,?,?,?,?,?,?,?,?,?,0,0,0,0,0,0,2,?,0,0,0,0,0,2,-,-,-,0,1,0,0,0,-,0,1,0,0,1,?,0,0,-,0,0,0,0,0,1,?,0,0,-,0,1,1,?,2,1,0,0,0,?,0,0,2,0,-,?,?,?,?,0,0,1,1,?,?
Asilisaurus,0,?,?,?,0,?,?,?,-,?,?,?,?,?,-,3,?,?,?,?,0,?,?,0,0,0,3,?,-,-,-,?,?,0,?,?,?,?,?,?,?,?,?,?,?,?,?,?,?,0,?,?,?,?,?,?,?,?,?,?,?,?,?,0,?,?,?,?,?,?,?,?,?,?,?,?,?,0,2,?,?,?,?,?,?,?,?,?,?,?,?,?,?,?,?,?,?,?,?,?,?,?,?,?,?,4,?,?,?,?,?,?,?,?,?,?,?,?,?,?,?,?,?,?,?,?,?,?,?,?,?,?,?,?,?,?,?,?,?,?,?,?,?,?,0,0,-,?,?,?,1,0,0,?,0,0,?,0,0,?,?,?,?,?,0,0,0,0,?,?,?,?,0,?,?,?,?,?,?,?,?,?,?,?,?,?,?,?,0,0,0,0,0,?,?,?,?,?,?,?,0,2,-,-,-,0,?,?,?,0,-,0,1,1,0,?,?,?,0,?,0,0,0,0,0,0,?,0,?,?,0,1,?,?,2,1,0,0,?,?,0,0,2,0,-,?,?,?,?,?,?,?,1,?,?
Sanjuansaurus,?,?,?,?,?,-,?,0,-,?,1,0,?,0,?,2,?,0,0,1,?,0,4,?,0,?,?,?,?,?,-,?,?,?,?,?,?,?,?,?,?,?,?,?,?,?,?,?,?,0,0,-,0,0,?,?,?,?,?,0,?,?,?,?,?,?,?,?,?,?,?,?,?,?,?,?,?,?,?,?,?,?,?,?,?,?,?,?,?,?,?,?,?,?,?,?,?,?,?,?,?,?,?,?,?,?,?,?,?,?,?,?,?,?,?,?,?,?,?,?,?,?,?,0,?,?,?,?,?,?,?,?,?,?,?,?,?,?,?,?,?,?,?,?,0,0,-,0,0,?,?,0,?,0,0,0,?,?,?,?,?,?,?,?,0,0,0,0,1,?,?,?,?,?,?,2,?,?,?,?,?,?,?,?,?,?,?,?,?,1,1,?,?,?,?,?,?,?,?,?,0,2,-,-,-,?,?,?,?,?,?,?,?,?,?,?,0,1,0,?,?,?,?,?,?,1,?,0,0,-,0,0,1,?,2,0,?,0,?,?,0,0,2,1,-,?,?,?,?,?,?,?,?,?,?
Herrerasaurus,0,0,1,0,0,-,1,0,-,?,1,0,?,0,-,2,1,0,0,1,0,0,4,1,0,?,2,1,-,-,-,1,0,0,0,0,0,0,0,0,-,0,0,0,1,0,?,0,0,0,0,-,0,0,0,-,-,0,0,0,2,0,?,0,1,0,1,0,0,0,?,?,0,1,0,0,1,0,2,?,?,0,?,?,1,0,0,0,0,0,1,0,0,0,0,0,?,?,2,-,-,-,-,-,0,1,0,?,0,0,0,0,0,0,0,0,1,0,?,0,1,0,0,0,1,0,0,0,0,?,?,0,?,0,0,1,0,?,?,?,?,?,0,0,0,0,-,0,0,?,1,0,0,0,0,?,?,?,0,?,?,?,?,?,0,0,?,0,?,?,?,?,0,?,?,2,?,0,0,0,0,?,0,0,0,0,2,2,0,1,1,0,0,0,2,?,0,0,0,0,0,2,-,-,-,1,0,0,?,0,-,1,0,0,0,0,0,1,0,0,0,0,0,0,0,1,?,0,0,-,0,0,1,1,2,0,1,0,0,?,0,0,2,1,-,1,0,?,?,0,0,2,1,0,0
Tawa,0,0,2,0,0,-,1,0,-,?,1,0,?,0,-,2,0,0,0,1,0,0,4,1,0,?,2,?,-,-,-,1,0,0,0,0,0,0,0,?,?,0,0,0,?,?,?,0,0,0,0,-,0,0,0,-,-,0,0,0,2,0,0,0,0,0,0,0,0,0,?,?,0,0,0,0,0,?,?,?,?,?,?,?,0,0,?,1,0,0,0,0,0,?,?,?,?,?,?,-,-,-,-,-,0,1,0,?,0,0,0,0,0,0,0,0,?,?,?,1,0,0,?,0,1,0,0,0,0,0,?,?,?,0,?,?,?,?,?,?,?,?,0,0,0,0,-,?,?,?,1,0,?,?,0,?,?,?,?,?,?,?,?,?,0,0,?,0,?,?,?,?,?,0,1,?,?,?,?,0,0,?,0,?,0,1,1,?,0,0,1,0,?,0,2,?,?,?,0,?,0,2,-,-,-,1,1,?,?,?,?,1,?,?,0,0,0,1,0,?,?,0,0,0,0,1,?,0,?,?,?,0,?,?,2,1,1,0,?,?,0,0,2,1,-,?,?,?,?,0,0,?,1,0,0
Pisanosaurus,0,?,?,?,?,?,?,1,?,?,0,?,?,?,?,?,?,1,0,?,?,1,0,0,?,?,?,1,?,0,0,?,?,?,?,?,?,?,?,?,?,?,?,?,?,?,?,?,?,0,1,1,?,?,?,?,?,?,?,?,?,?,?,?,?,?,?,?,?,?,?,?,?,?,?,?,?,?,?,?,?,?,?,?,?,?,?,?,?,?,?,?,?,?,?,?,?,?,?,?,?,?,?,?,?,?,?,?,0,0,1,1,?,1,0,0,0,0,?,?,?,?,?,?,?,?,?,?,?,?,?,?,?,?,?,?,?,?,?,?,?,?,0,0,?,?,?,?,?,?,?,?,0,?,?,?,?,?,?,?,?,?,?,?,?,?,?,?,?,?,?,?,?,?,?,?,?,?,?,?,?,?,?,?,?,?,?,?,?,0,?,?,?,?,?,?,?,0,?,?,?,?,?,?,?,1,1,?,?,?,?,?,0,?,?,?,?,?,?,?,?,?,?,?,?,?,?,?,?,?,?,?,?,?,?,1,1,0,?,?,?,0,0,1,?,?,?,?,?,?,?,?,?,?,?
Heterodontosaurus,0,0,2,1,1,0,1,2,0,?,1,1,?,1,1,0,0,1,1,1,0,1,?,1,1,0,0,0,?,1,1,0,?,1,0,0,0,1,1,1,1,0,0,0,1,?,0,1,0,0,1,1,0,0,1,0,1,0,0,0,1,0,0,0,0,0,0,0,0,3,?,?,0,0,0,0,0,0,0,0,0,?,0,?,0,0,?,0,1,0,0,0,0,?,0,0,0,1,1,0,?,0,1,0,0,?,0,0,1,0,1,1,0,1,0,0,0,0,0,0,0,0,1,0,0,0,0,0,0,0,?,0,0,?,1,0,0,?,0,?,2,0,0,0,0,1,-,0,?,1,0,0,0,0,2,?,?,0,0,0,0,1,0,0,0,0,1,?,?,?,?,0,0,0,1,2,0,0,0,0,0,0,0,0,0,0,0,0,0,1,1,0,0,1,0,1,?,0,0,?,2,0,0,0,0,1,0,0,0,0,-,0,1,1,0,0,0,0,0,0,1,0,1,2,1,2,?,0,0,-,0,0,0,?,?,2,1,0,0,?,?,?,?,?,?,0,0,0,0,0,?,?,1,0,0
Fruitadens,?,0,2,1,0,?,0,1,?,?,0,?,?,0,-,0,?,0,0,0,1,1,?,0,?,?,0,?,0,0,?,?,?,?,?,?,0,?,1,1,1,?,?,?,?,0,?,?,0,1,1,1,?,?,?,?,?,?,?,?,?,?,?,?,?,?,?,?,?,?,?,?,?,?,?,?,?,?,?,?,?,?,?,?,?,?,?,?,?,?,?,?,?,?,?,?,?,?,?,?,?,?,?,?,0,?,0,?,?,0,?,?,0,?,?,?,?,?,?,?,?,?,?,?,?,?,?,?,?,?,?,?,?,?,?,?,?,?,?,?,?,?,?,?,?,?,?,?,0,?,?,?,?,?,2,?,?,?,?,?,?,?,?,?,?,?,?,?,?,?,?,?,?,?,?,?,?,?,?,?,?,?,?,?,?,?,?,?,?,?,?,?,?,?,?,?,?,?,?,?,?,?,?,?,?,?,?,?,?,?,?,?,?,?,0,?,?,?,0,?,1,0,1,2,1,2,?,0,0,-,0,0,?,?,?,2,1,0,?,?,?,0,0,1,0,?,?,?,?,?,?,?,?,?,?
Echinodon,?,0,2,0,?,?,1,1,-,?,0,?,?,0,?,0,?,0,0,0,1,1,2,0,0,?,0,?,?,0,?,?,?,1,?,?,0,?,?,?,?,?,?,?,?,?,?,?,0,0,1,1,?,?,?,?,?,?,?,?,?,?,?,?,?,?,?,?,?,?,?,?,?,?,?,?,?,?,?,?,?,?,?,?,?,?,?,?,?,?,?,?,?,?,?,?,?,?,?,?,?,?,1,?,0,0,0,?,1,0,1,1,0,?,?,?,?,?,?,?,?,?,?,?,?,?,?,?,?,?,?,?,?,?,?,?,?,?,?,?,?,?,0,?,?,?,?,?,?,?,?,?,?,?,?,?,?,?,?,?,?,?,?,?,?,?,?,?,?,?,?,?,?,?,?,?,?,?,?,?,?,?,?,?,?,?,?,?,?,?,?,?,?,?,?,?,?,?,?,?,?,?,?,?,?,?,?,?,?,?,?,?,?,?,?,?,?,?,?,?,?,?,?,?,?,?,?,?,?,?,?,?,?,?,?,?,?,?,?,?,?,?,?,?,?,?,?,?,?,?,?,?,?,?,?
Lycorhinus,?,?,?,1,?,-,?,1,?,?,0,0,?,?,?,0,?,0,0,0,?,1,3,?,1,?,?,?,?,?,?,?,?,?,?,?,?,?,?,1,1,?,?,?,?,?,?,?,0,0,1,1,?,0,?,?,?,?,?,?,?,?,?,?,?,?,?,?,?,?,?,?,?,?,?,?,?,?,?,?,?,?,?,?,?,?,?,?,?,?,?,?,?,?,?,?,?,?,?,?,?,?,?,?,?,?,?,?,?,?,?,?,?,?,?,?,?,?,?,?,?,?,?,0,0,?,?,?,?,?,?,?,?,?,?,?,?,?,?,?,?,?,?,?,?,?,?,?,?,?,?,?,?,?,?,?,?,?,?,?,?,?,?,?,?,?,?,?,?,?,?,?,?,?,?,?,?,?,?,?,?,?,?,?,?,?,?,?,?,?,?,?,?,?,?,?,?,?,?,?,?,?,?,?,?,?,?,?,?,?,?,?,?,?,?,?,?,?,?,?,?,?,?,?,?,?,?,?,?,?,?,?,?,?,?,?,?,?,?,?,?,?,?,?,?,?,?,?,?,?,?,?,?,?,?
Tianyulong,0,0,2,1,1,?,1,1,?,?,0,?,?,?,?,0,?,0,0,0,1,1,?,?,?,?,0,?,?,0,?,0,?,1,0,0,0,1,1,1,1,?,0,0,1,0,1,0,?,?,1,?,?,?,?,?,?,?,0,?,2,0,?,0,?,?,?,0,0,0,?,?,?,?,?,?,?,?,?,?,?,?,?,?,?,?,?,?,?,?,?,?,?,?,?,?,?,?,?,1,?,0,?,?,?,0,1,?,1,0,1,1,0,1,1,0,?,?,2,0,0,?,?,?,0,0,0,?,0,?,?,?,?,?,?,?,?,?,?,?,?,?,0,0,1,1,0,?,?,?,?,?,?,?,?,?,?,?,?,?,?,?,?,?,?,?,?,?,?,?,?,?,?,1,0,2,?,?,?,?,?,?,?,?,?,?,?,?,?,?,?,?,?,?,?,?,?,?,?,?,2,?,?,?,?,?,?,0,1,0,?,0,?,0,?,?,?,?,?,?,?,?,?,?,?,?,?,?,1,0,0,0,?,?,?,?,?,?,?,?,?,?,?,?,?,?,?,?,?,0,?,?,1,0,0
Abrictosaurus,0,0,2,0,0,-,1,1,?,?,0,?,?,1,?,0,0,0,0,0,1,1,3,?,1,?,0,1,?,0,1,?,?,1,0,?,0,1,1,1,1,0,0,?,1,?,?,?,?,0,1,1,0,0,1,0,1,?,?,?,?,0,?,0,?,?,?,?,?,?,?,?,?,?,?,?,?,?,?,?,?,?,?,?,?,?,?,?,?,?,?,?,?,?,?,?,?,?,?,?,1,0,1,-,0,?,0,?,?,0,1,1,0,1,?,0,?,?,?,?,?,0,0,?,?,?,?,?,0,?,?,?,?,?,?,?,?,?,?,?,?,?,0,0,?,?,?,?,?,?,?,?,?,?,1,?,?,?,?,?,?,?,?,?,?,?,?,?,?,?,?,0,0,0,0,?,?,?,?,?,?,?,?,0,?,?,?,?,?,1,1,0,0,1,0,1,?,0,0,?,?,?,?,?,?,?,?,?,?,0,?,?,?,?,?,?,?,?,?,?,0,?,1,1,1,2,?,0,0,-,?,?,0,?,?,2,?,?,?,?,?,?,?,?,?,?,?,?,?,0,0,0,1,?,0
Eocursor,0,?,?,0,?,?,?,?,?,?,?,?,?,0,?,?,?,?,?,?,1,?,?,0,0,0,0,?,0,0,?,?,?,?,?,?,?,?,?,?,?,?,?,?,?,?,?,?,?,?,1,?,?,?,?,?,?,?,?,?,?,?,?,?,?,?,?,?,?,?,?,?,?,?,?,?,?,?,?,?,?,?,?,?,?,?,?,?,?,0,?,?,?,?,?,?,?,?,?,?,?,?,?,?,0,?,?,?,0,0,0,1,0,1,0,0,0,?,?,?,?,?,?,?,?,?,?,?,0,?,?,?,1,?,?,?,?,?,?,?,?,?,0,?,?,?,?,?,?,?,?,?,?,?,1,?,?,?,?,?,?,?,?,?,0,0,?,?,?,?,?,0,?,0,0,?,?,?,?,?,?,?,?,0,?,?,?,?,0,1,1,0,0,1,0,1,?,0,0,?,2,0,0,0,0,1,0,0,1,0,-,0,0,?,0,0,0,0,0,?,0,0,0,1,0,2,0,0,0,-,0,0,0,1,1,2,1,0,0,0,?,?,?,?,?,?,?,?,?,?,?,?,?,?,?
Lesothosaurus,0,0,0,0,0,-,0,1,1,0,0,0,0,0,0,0,1,0,?,0,1,0,?,?,0,0,0,?,0,?,0,0,?,1,0,?,?,0,1,1,0,1,?,1,1,0,?,?,0,1,1,0,1,0,1,0,?,0,0,0,1,0,?,0,?,0,0,0,?,?,?,?,0,0,0,?,0,0,0,0,?,?,0,0,0,0,?,0,0,0,0,0,0,0,0,0,0,1,0,?,?,?,0,0,1,0,?,0,0,0,0,1,?,?,0,0,0,1,0,?,?,0,0,?,?,?,0,0,0,?,?,0,1,?,1,0,0,0,?,0,1,0,0,?,?,1,?,?,?,?,?,0,?,?,?,?,?,?,0,?,?,1,?,?,?,?,1,0,?,?,?,?,1,?,?,0,0,0,?,0,0,?,0,?,?,?,?,1,0,0,0,0,0,1,0,0,0,0,0,?,2,0,0,0,0,1,0,0,1,0,?,0,0,0,0,0,?,0,0,0,0,0,0,1,0,2,0,0,?,?,?,?,0,?,?,2,?,?,0,?,3,?,0,1,0,1,1,0,?,?,?,?,?,0,?
Scutellosaurus,1,0,0,0,0,0,0,1,0,?,0,0,0,0,-,0,?,0,0,0,1,0,2,0,0,0,0,2,0,0,0,?,?,1,0,0,0,?,?,1,0,?,0,?,?,?,?,?,?,1,1,0,?,?,?,?,?,?,0,?,?,?,0,1,1,0,?,?,0,0,?,?,?,1,?,?,0,0,?,0,0,1,?,0,0,0,?,0,0,0,0,0,0,?,0,0,?,1,?,?,?,?,?,?,?,0,0,0,0,0,0,1,0,?,?,?,?,1,1,?,0,?,?,?,?,?,?,0,?,?,?,0,?,?,?,?,?,?,?,?,?,?,0,?,?,1,?,0,0,1,1,?,0,1,1,?,?,0,?,?,?,?,?,?,0,?,1,0,0,0,?,?,0,0,0,0,?,?,0,0,?,?,?,0,0,?,0,?,?,0,1,0,0,1,0,0,?,0,0,?,2,0,0,?,?,1,1,?,1,0,?,0,0,0,0,0,0,0,0,0,0,0,0,1,0,2,0,0,0,-,0,0,0,?,?,2,1,0,0,?,0,?,?,?,?,?,?,?,?,0,?,?,?,0,0
Scelidosaurus,1,?,?,?,?,?,0,?,?,?,?,?,?,0,?,?,?,?,?,?,?,?,?,?,0,?,?,?,?,?,0,?,?,1,?,?,?,0,?,0,?,?,0,?,1,?,?,?,?,1,1,1,0,?,?,?,?,?,?,?,?,0,?,1,?,?,?,?,?,?,?,?,0,?,?,?,?,?,?,?,?,?,?,?,?,?,?,?,0,0,?,?,?,?,?,?,?,?,?,?,?,?,?,?,1,?,?,?,?,1,0,1,?,?,?,?,?,1,1,?,?,?,0,?,?,?,?,?,?,?,?,?,?,?,?,?,?,?,?,?,?,?,1,?,?,1,?,?,?,?,?,0,?,?,?,?,?,?,?,?,?,0,?,0,?,?,?,?,?,?,?,?,0,?,?,?,?,?,?,?,?,?,?,?,?,?,?,?,0,0,1,?,?,1,1,0,?,0,0,?,?,?,?,?,0,?,?,?,0,0,?,?,1,?,?,?,?,?,0,?,0,?,0,1,0,?,?,0,?,?,?,?,1,?,?,2,?,?,?,?,?,?,?,?,?,?,?,?,?,?,?,?,?,?,?
Emausaurus,1,?,?,?,?,?,0,?,?,?,?,?,?,0,?,?,?,?,?,?,?,?,?,?,0,?,?,?,?,?,0,?,?,1,?,?,?,0,?,0,?,0,?,?,1,?,?,?,?,1,1,1,0,?,?,?,?,?,?,?,?,0,?,1,?,?,?,?,?,?,?,?,0,?,?,?,?,?,?,?,?,?,?,?,?,?,?,?,?,0,?,?,?,?,?,?,?,?,?,?,?,?,0,?,1,?,?,?,?,1,0,1,?,?,?,?,?,1,1,?,?,?,0,?,?,?,?,?,?,?,?,?,?,?,?,?,?,?,?,?,?,?,0,?,?,?,?,?,?,?,?,?,?,?,?,?,?,?,?,?,?,?,?,?,?,?,?,?,?,?,?,?,?,?,?,?,?,?,?,?,?,?,?,?,?,?,?,?,?,?,?,?,?,?,?,?,?,?,?,?,?,?,?,?,?,?,?,?,?,?,?,?,?,?,?,?,?,?,?,?,?,?,?,?,?,?,?,?,?,?,?,?,?,?,?,?,?,?,?,?,?,?,?,?,?,?,?,?,?,?,?,?,?,?,?
Stormbergia,0,?,?,?,?,?,?,?,?,?,?,?,?,?,?,?,?,?,?,?,?,?,?,?,?,?,?,?,?,?,?,?,?,?,?,?,?,?,?,?,?,?,?,?,?,?,?,?,?,?,?,?,?,?,?,?,?,?,?,?,?,?,?,?,?,?,?,?,?,?,?,?,?,?,?,?,?,?,?,?,?,?,?,?,?,?,?,?,?,?,?,?,?,?,?,?,?,?,?,?,?,?,?,?,?,?,?,?,?,?,?,?,?,?,?,?,?,?,?,?,?,?,?,?,?,?,?,?,?,?,?,?,?,?,?,?,?,?,?,?,?,?,?,0,?,1,?,?,0,?,?,0,?,?,?,?,?,0,0,?,?,1,?,?,0,0,1,0,0,0,?,?,1,?,?,1,?,?,1,?,?,?,?,?,?,?,?,?,0,0,1,0,0,1,0,0,1,0,0,?,2,0,0,0,0,?,?,0,1,1,0,0,1,0,0,0,0,0,0,0,0,0,0,1,0,?,?,0,0,-,0,0,0,0,3,2,1,0,?,?,?,0,0,1,?,?,?,?,?,?,0,?,?,?,?
Agilisaurus,0,0,1,0,0,0,0,1,0,?,0,0,?,0,?,?,?,1,0,0,1,1,3,0,0,?,0,2,0,0,0,0,0,1,0,0,1,0,1,0,-,?,0,?,1,?,1,0,0,?,1,1,0,0,2,0,0,1,1,1,0,1,1,?,0,1,0,0,0,0,?,?,0,1,0,0,1,0,0,?,?,1,0,?,?,0,?,0,0,0,0,0,0,0,0,0,0,1,1,?,?,?,0,0,1,?,0,?,1,0,1,1,0,1,1,0,0,0,1,0,0,0,1,0,0,0,0,0,1,?,?,0,0,0,?,?,1,?,?,?,?,?,0,0,0,1,1,0,1,?,?,1,?,1,1,?,?,0,?,1,?,1,?,0,0,0,1,0,0,0,?,0,1,1,0,0,?,0,0,0,0,?,?,0,0,0,?,?,1,0,1,0,0,1,0,0,1,0,1,?,2,1,?,2,1,1,0,0,1,1,0,0,0,0,0,0,?,1,0,0,0,0,1,1,0,2,?,0,0,-,0,0,0,1,?,2,?,?,0,0,0,?,?,?,?,?,?,?,?,0,0,0,1,0,0
Hexinlusaurus,0,?,?,?,0,-,?,1,-,?,0,0,?,0,0,0,?,1,0,0,1,1,3,0,0,?,0,2,0,0,?,0,?,1,?,?,?,?,?,?,?,?,?,?,?,?,?,0,?,?,1,1,?,?,1,0,1,1,0,0,1,1,0,0,?,0,?,0,?,0,?,?,0,1,?,?,0,0,0,?,?,?,?,?,?,?,?,0,1,0,1,?,0,?,0,0,0,1,?,?,?,?,?,?,1,2,0,1,0,0,1,1,?,?,?,?,?,?,?,?,?,0,?,0,0,?,0,0,?,?,?,?,?,?,?,?,?,?,?,?,?,?,0,0,0,0,-,0,0,1,0,1,0,1,1,?,?,0,0,2,?,?,?,?,0,0,1,0,?,?,?,0,?,1,0,0,0,?,0,0,0,?,0,0,0,0,?,?,0,1,0,0,0,1,0,1,1,0,1,?,2,0,0,2,1,1,0,0,0,1,0,?,?,0,0,0,1,0,0,0,0,0,0,1,0,2,?,0,0,-,0,0,0,1,2,2,1,0,1,0,0,0,0,1,?,1,1,1,1,0,0,1,1,0,0
Yandusaurus,?,?,?,?,?,-,?,1,-,?,0,0,?,0,0,0,1,1,0,0,?,1,3,?,0,?,?,?,?,0,?,?,?,1,?,?,?,?,?,?,?,?,?,?,?,?,?,?,?,?,1,1,?,?,?,?,?,?,?,?,?,?,?,?,?,?,?,?,?,?,?,?,?,?,?,?,0,0,0,?,?,?,?,?,0,0,?,?,?,?,?,?,?,?,?,?,?,?,?,?,?,?,?,?,?,?,?,?,?,?,?,?,?,?,?,?,?,?,?,?,?,?,?,0,0,?,?,?,?,?,?,?,?,?,?,?,?,?,?,?,?,?,?,0,?,?,?,?,0,?,?,?,?,?,?,?,?,?,?,?,?,?,?,?,0,1,0,0,0,?,?,0,?,1,?,?,?,?,?,?,?,?,?,?,?,?,?,?,?,?,?,?,?,?,?,?,?,?,?,?,?,?,?,?,?,?,?,?,?,?,?,?,?,?,?,?,?,?,?,?,?,?,?,?,?,?,?,?,0,-,0,0,?,?,?,?,?,?,1,?,?,?,?,?,?,?,?,?,?,?,?,?,?,?,?
Leaellynasaura,?,?,?,?,?,?,?,1,?,?,?,1,1,?,?,0,?,1,0,0,?,1,3,?,0,?,?,?,?,?,?,?,?,?,?,?,?,?,?,?,?,?,?,?,?,?,?,?,?,?,1,1,?,?,?,?,?,?,0,?,?,1,0,0,0,1,?,0,0,0,?,?,?,?,?,?,0,0,0,?,0,?,?,?,0,0,?,?,?,?,?,?,?,?,0,0,?,1,?,?,?,?,?,?,?,?,?,?,?,?,?,?,?,?,?,?,?,?,?,?,?,?,?,?,?,?,?,?,?,?,?,?,?,?,?,?,?,?,?,?,?,?,?,0,?,?,?,?,?,?,?,?,?,?,?,?,?,?,?,?,?,?,?,?,?,?,?,?,?,?,?,?,?,?,?,?,?,?,?,?,?,?,?,?,?,?,?,?,?,?,?,?,?,?,?,?,?,?,?,?,2,0,0,3,?,1,0,0,0,1,0,0,?,0,0,0,0,?,0,?,1,0,1,2,0,2,?,0,?,?,0,0,0,?,?,2,1,0,?,?,0,0,0,1,0,?,?,?,?,0,0,0,1,0,0
Jeholosaurus,0,0,0,0,1,-,0,1,0,?,1,?,?,?,?,0,1,1,0,0,1,1,2,0,0,?,0,1,0,0,0,0,?,1,0,0,0,0,1,1,0,1,0,1,1,?,1,1,0,1,1,1,0,1,1,0,0,1,0,0,2,1,1,0,0,1,0,0,0,1,?,?,1,1,0,0,0,0,0,0,0,1,0,1,0,0,1,0,1,0,1,0,0,0,0,0,0,1,1,1,0,0,0,0,1,2,0,1,0,0,1,1,1,1,1,0,1,0,0,0,0,0,1,0,0,0,0,0,1,?,?,0,?,0,1,0,1,?,1,?,0,0,0,0,?,1,1,0,0,1,0,?,1,1,2,0,0,0,0,1,?,?,?,?,0,0,?,?,0,?,?,0,1,0,0,0,0,0,0,0,?,?,?,?,?,?,?,?,0,1,0,0,0,1,0,1,1,1,1,0,2,0,0,?,1,1,0,0,?,1,?,0,0,0,0,1,0,1,1,0,0,0,1,2,1,2,?,0,0,-,0,0,0,1,3,2,1,0,?,0,0,0,0,1,1,1,1,1,1,0,0,?,?,0,0
Yueosaurus,?,?,?,?,?,?,?,?,?,?,?,?,?,?,?,?,?,?,?,?,?,?,?,?,?,?,?,?,?,?,?,?,?,?,?,?,?,?,?,?,?,?,?,?,?,?,?,?,?,?,?,?,?,?,?,?,?,?,?,?,?,?,?,?,?,?,?,?,?,?,?,?,?,?,?,?,?,?,?,?,?,?,?,?,?,?,?,?,?,?,?,?,?,?,?,?,?,?,?,?,?,?,?,?,?,?,?,?,?,?,?,?,?,?,?,?,?,?,?,?,?,?,?,?,?,?,?,?,?,?,?,?,?,?,?,?,?,?,?,?,?,?,?,0,?,?,?,0,0,1,0,?,?,?,?,?,?,?,0,?,?,?,?,?,0,0,?,?,?,?,?,0,?,0,0,2,?,?,?,?,?,?,?,?,?,?,?,?,?,?,?,?,?,?,?,?,?,?,?,?,?,?,?,?,?,?,?,0,?,?,?,?,?,?,0,0,?,1,1,?,?,0,1,2,1,2,0,0,?,?,?,?,?,?,?,2,?,?,?,?,?,?,?,?,?,?,?,?,?,0,?,?,?,?,0
Othnielosaurus,0,?,?,?,1,-,?,?,0,0,0,0,?,0,0,0,?,1,0,0,1,?,2,0,0,0,0,1,?,0,?,?,?,?,?,?,?,?,?,?,?,?,?,?,?,?,?,?,?,?,?,?,?,?,?,?,?,?,0,?,?,?,?,?,?,1,?,?,?,?,?,?,?,?,?,?,?,?,?,?,?,?,?,?,?,?,?,?,?,?,0,0,0,?,?,0,0,?,?,?,?,?,?,0,?,1,?,1,0,?,1,1,?,?,?,?,?,?,?,?,?,?,?,?,?,?,?,?,?,?,1,0,?,?,?,?,0,0,?,1,?,?,0,0,?,?,?,0,0,1,0,?,?,1,2,0,?,?,1,1,?,?,?,1,0,0,1,0,0,?,?,0,?,1,0,0,?,0,?,0,0,?,0,0,?,?,0,0,0,1,0,0,0,1,0,1,1,1,1,0,2,0,0,2,1,1,0,1,?,1,0,0,?,0,0,0,1,1,1,0,0,0,1,2,1,2,?,0,0,-,0,0,?,0,?,2,1,0,1,?,2,1,0,1,1,1,1,1,1,0,0,0,1,0,0
Parksosaurus,0,?,?,?,1,?,?,1,0,?,0,?,?,?,0,0,?,1,0,?,1,1,?,0,?,1,0,?,0,0,?,?,?,?,?,?,?,?,?,1,0,?,?,?,1,?,?,0,?,1,1,1,0,?,?,?,?,?,0,0,?,?,1,0,1,1,0,0,?,0,?,?,1,?,0,?,?,0,0,?,?,?,1,?,?,0,1,?,?,?,?,?,0,?,?,?,?,?,?,?,?,?,?,?,?,?,?,0,?,0,1,1,0,1,?,0,?,?,?,?,?,0,1,0,1,1,0,0,1,?,0,0,?,?,?,?,?,1,?,?,?,0,0,0,1,1,0,?,0,?,1,?,0,?,?,?,?,0,0,1,?,?,?,1,0,0,?,0,0,0,0,0,?,?,?,1,?,0,0,?,?,?,?,?,?,?,?,?,?,?,0,0,1,?,0,1,1,1,?,?,2,?,?,?,?,1,1,2,0,1,1,0,1,0,0,1,0,1,1,1,1,0,1,2,1,2,0,1,?,?,?,0,0,1,?,2,1,0,1,0,0,0,0,1,?,?,1,?,?,0,0,0,1,0,0
T__neglectus,0,0,0,0,1,-,0,1,0,0,0,0,1,0,0,0,2,1,0,0,1,1,2,0,0,0,0,2,?,1,0,1,1,1,0,0,1,0,1,1,0,1,0,1,1,1,1,0,0,1,1,1,0,1,2,0,0,1,0,0,2,1,1,0,0,0,1,0,0,0,?,0,(0 1),1,0,0,0,0,0,0,0,1,1,1,1,0,1,0,1,0,1,1,0,?,1,0,1,1,1,0,0,0,0,1,1,2,0,1,1,0,1,1,1,1,1,0,1,2,?,0,0,0,1,0,1,0,0,0,1,1,0,0,?,1,0,1,1,1,1,0,0,1,0,0,1,1,0,0,0,1,1,1,0,?,3,?,0,1,1,1,?,?,0,1,0,0,?,0,?,?,2,0,0,1,0,0,0,0,0,0,0,?,0,0,0,0,0,0,0,1,0,1,0,1,0,1,1,1,1,1,2,0,0,2,1,1,0,0,0,1,1,0,1,0,0,1,0,1,1,1,0,0,1,2,1,2,?,1,1,0,0,0,1,0,2,2,1,0,2,0,0,0,0,1,1,1,1,1,0,0,0,0,1,0,0
T__assiniboiensis,0,?,?,?,?,?,?,?,?,?,?,?,?,?,?,?,?,?,?,?,?,1,?,?,?,?,?,?,?,?,?,?,?,?,?,?,?,?,?,?,?,?,?,?,?,?,?,?,?,?,?,?,?,?,?,0,?,?,?,?,?,?,?,?,?,?,?,?,?,?,?,?,?,?,?,?,?,?,?,?,?,?,?,?,?,?,?,?,?,0,1,0,0,0,1,0,1,1,?,?,?,?,?,?,?,?,?,?,?,?,?,?,?,?,?,?,?,?,?,?,?,?,?,?,?,?,?,?,?,?,1,0,0,1,0,1,1,1,1,0,0,0,0,0,1,1,?,?,0,?,?,?,?,?,?,?,?,?,1,?,?,?,2,?,?,?,?,?,?,?,?,?,?,?,?,?,?,?,?,?,?,?,?,?,?,?,?,?,0,1,0,?,1,1,?,1,1,1,1,?,2,1,0,2,1,?,?,?,?,?,?,?,?,?,0,1,0,1,1,1,0,0,1,2,1,?,0,1,1,0,0,0,1,0,2,2,1,0,?,0,0,0,0,1,?,1,1,?,0,0,0,0,1,0,0
T__garbanii,?,?,?,?,?,?,?,?,?,?,?,?,?,?,?,?,?,?,?,?,?,?,?,?,?,?,?,?,?,?,?,?,?,?,?,?,?,?,?,?,?,?,?,?,?,?,?,?,?,?,?,?,?,?,?,?,?,?,?,?,?,?,?,?,?,?,?,?,?,?,?,?,?,?,?,?,?,?,?,?,?,?,?,?,?,?,?,?,?,?,?,?,?,?,?,?,?,?,?,?,?,?,?,?,?,?,?,?,?,?,?,?,?,?,?,?,?,?,?,?,?,?,?,?,?,?,?,?,?,?,?,?,?,?,?,?,?,?,?,?,?,?,?,0,?,?,?,?,?,?,?,?,?,?,?,?,?,?,?,?,?,?,?,?,?,?,?,?,?,?,?,?,?,?,?,?,?,?,?,?,?,?,?,?,?,?,?,?,?,?,?,?,?,?,?,?,?,?,?,?,?,?,?,?,?,?,?,?,?,?,?,?,?,?,?,?,?,?,?,?,?,?,?,?,?,?,?,?,1,0,0,?,?,0,2,?,1,0,?,0,0,0,0,1,?,1,1,1,0,0,0,0,1,0,0
Talenkauen,?,0,?,0,1,?,?,1,?,?,?,?,?,?,?,0,?,1,1,?,?,1,?,?,?,?,?,?,?,1,?,?,?,1,0,0,1,?,1,1,0,?,0,?,?,?,1,0,0,?,1,1,?,0,?,?,?,?,?,?,?,?,?,?,?,?,?,?,?,?,?,?,?,?,?,?,?,?,?,?,?,?,?,?,?,?,?,?,?,?,?,?,?,?,?,?,?,?,?,1,0,0,0,1,1,?,0,?,1,?,1,1,?,?,?,?,?,?,?,?,?,?,?,?,?,?,?,?,?,?,?,?,?,?,?,?,?,?,?,?,?,?,?,?,?,1,?,0,0,?,1,0,?,2,?,?,?,?,?,?,?,?,?,?,?,?,?,?,?,?,?,0,?,?,2,?,?,?,?,?,?,?,?,?,?,?,?,?,0,?,0,1,0,1,0,?,?,1,?,?,2,0,?,1,?,?,?,?,?,?,?,1,?,?,0,?,?,?,?,?,?,?,1,2,?,2,?,1,?,?,?,?,1,?,?,?,?,?,?,?,?,?,?,?,?,?,?,?,?,0,?,?,1,?,?
Notohypsilophodon,?,?,?,?,?,?,?,?,?,?,?,?,?,?,?,?,?,?,?,?,?,?,?,?,?,?,?,?,?,?,?,?,?,?,?,?,?,?,?,?,?,?,?,?,?,?,?,?,?,?,?,?,?,?,?,?,?,?,?,?,?,?,?,?,?,?,?,?,?,?,?,?,?,?,?,?,?,?,?,?,?,?,?,?,?,?,?,?,?,?,?,?,?,?,?,?,?,?,?,?,?,?,?,?,?,?,?,?,?,?,?,?,?,?,?,?,?,?,?,?,?,?,?,?,?,?,?,?,?,?,?,?,?,?,?,?,?,?,?,?,?,?,?,0,?,?,?,?,0,1,?,?,?,?,?,0,0,?,?,?,?,?,?,?,0,?,?,0,?,?,?,?,?,1,2,0,?,?,?,?,?,?,?,?,?,?,?,?,?,?,?,?,?,?,?,?,?,?,?,?,?,?,?,?,?,?,?,?,?,?,?,?,?,?,?,?,?,1,1,?,0,0,1,2,1,?,?,?,0,-,0,0,?,?,?,2,1,0,?,?,0,?,?,?,?,?,?,?,?,?,?,?,?,?,?
Macrogryphosaurus,?,?,?,?,?,?,?,?,?,?,?,?,?,?,?,?,?,?,?,?,?,?,?,?,?,?,?,?,?,?,?,?,?,?,?,?,?,?,?,?,?,?,?,?,?,?,?,?,?,?,?,?,?,?,?,?,?,?,?,?,?,?,?,?,?,?,?,?,?,?,?,?,?,?,?,?,?,?,?,?,?,?,?,?,?,?,?,?,?,?,?,?,?,?,?,?,?,?,?,?,?,?,?,?,?,?,?,?,?,?,?,?,?,?,?,?,?,?,?,?,?,?,?,?,?,?,?,?,?,?,?,?,?,?,?,?,?,?,?,?,?,?,?,?,?,?,?,1,0,?,1,0,1,0,2,?,0,?,?,?,?,?,?,1,?,?,?,?,?,?,?,?,?,?,2,?,?,?,?,?,?,?,?,?,?,?,?,?,0,1,0,1,0,1,?,1,1,1,1,1,2,0,0,1,1,?,?,?,0,?,?,1,1,1,?,?,?,?,?,?,?,?,?,?,?,?,?,?,?,?,?,?,?,?,?,?,?,?,?,?,?,?,?,?,?,?,?,?,?,?,?,?,?,?,?
Haya,0,0,1,0,1,-,0,1,0,?,?,0,2,0,?,0,1,1,0,0,1,1,?,0,0,?,0,1,?,1,0,0,0,1,0,0,0,0,1,1,0,1,0,0,1,1,1,0,?,1,1,1,0,1,2,0,0,1,0,0,?,1,?,0,0,1,0,0,0,0,?,?,1,1,0,0,0,0,0,?,?,?,1,?,?,0,?,0,1,0,1,1,0,?,0,0,1,1,0,0,0,0,0,1,1,1,1,1,1,0,1,1,?,1,?,0,0,?,?,0,0,0,?,1,1,0,0,0,1,?,?,0,0,0,1,0,1,?,?,?,?,?,0,0,0,1,1,0,0,?,0,?,?,?,2,?,?,0,1,1,1,?,?,0,0,0,1,0,1,0,0,0,?,0,0,1,?,?,?,?,0,?,?,?,?,?,?,?,0,1,0,0,0,1,2,1,?,1,1,2,2,0,0,2,1,?,?,0,0,1,0,0,?,?,0,0,0,1,1,1,0,0,1,2,1,2,?,0,0,-,0,0,0,?,?,?,?,?,?,?,?,0,?,1,?,1,1,?,?,?,0,0,1,0,0
Changchunsaurus,0,0,1,0,0,-,0,1,0,?,0,1,?,0,?,0,?,1,0,0,1,1,2,0,0,?,0,?,0,1,?,0,1,1,0,0,1,0,1,1,0,1,0,1,1,1,?,0,0,1,1,1,?,1,?,0,?,?,0,0,?,?,?,0,0,1,?,0,0,2,?,?,0,1,0,1,?,?,0,?,?,1,?,?,?,0,0,0,?,0,0,0,0,?,?,?,?,?,?,1,0,0,0,1,1,1,1,?,1,0,1,1,1,1,0,0,1,2,0,0,0,0,?,0,?,?,0,0,1,?,?,0,?,?,?,?,1,?,?,?,1,?,0,0,?,1,?,0,0,1,0,?,?,1,?,?,?,?,?,?,?,?,?,0,0,0,?,0,?,0,0,?,?,1,0,?,?,?,?,?,?,?,?,?,?,?,?,?,?,1,?,?,?,?,?,?,?,?,?,?,?,?,?,?,?,?,?,?,?,?,?,?,?,?,?,?,0,1,1,?,0,0,1,2,1,?,?,?,?,?,?,?,?,?,3,?,1,0,?,?,?,?,?,?,?,?,?,?,?,0,?,?,1,0,0
Oryctodromeus,0,0,?,0,0,?,?,?,0,0,0,0,?,?,?,?,?,?,0,?,1,?,?,0,0,?,0,?,0,1,?,?,1,1,0,0,1,?,1,?,?,1,0,1,1,1,?,?,0,1,?,?,?,?,?,?,?,?,0,?,?,?,?,0,?,1,?,?,?,0,?,?,?,?,?,?,0,0,0,0,?,?,0,1,0,0,0,?,1,0,?,?,?,?,?,?,?,?,?,?,?,?,?,?,1,?,?,1,?,?,1,1,?,?,?,?,1,?,?,?,?,?,?,?,?,?,0,0,?,?,0,0,0,0,?,?,1,1,?,1,?,?,0,0,1,1,1,?,0,2,1,?,1,1,3,1,0,?,1,2,1,?,2,?,1,0,1,0,0,1,?,?,0,1,0,1,0,0,0,?,?,?,?,?,?,?,?,?,1,1,0,0,0,1,2,?,1,1,1,2,2,0,0,2,1,?,?,?,?,?,?,?,?,?,0,0,1,1,1,1,0,0,1,2,1,2,?,0,1,0,0,0,0,0,?,2,1,0,?,1,0,0,?,?,?,?,?,?,?,0,0,0,1,0,0
Zephyrosaurus,0,0,1,?,?,?,0,1,0,0,0,0,1,0,0,0,1,1,0,0,?,1,2,?,0,0,?,?,?,?,?,?,1,1,0,?,0,?,1,1,0,1,0,1,?,1,1,?,0,1,1,1,1,1,1,0,1,?,1,0,?,1,1,0,?,1,?,0,0,3,0,0,?,?,?,0,0,0,0,0,0,0,0,1,0,0,1,1,1,0,1,1,0,0,0,0,1,?,?,?,?,?,?,?,?,?,0,?,?,?,1,1,?,?,?,0,?,?,1,?,?,?,0,?,?,?,0,0,?,1,1,0,0,?,1,0,1,1,1,1,2,0,0,0,?,?,?,?,0,2,0,?,0,?,?,?,?,?,1,1,?,?,0,?,1,?,1,0,0,?,?,?,?,?,?,?,0,?,?,?,?,?,?,?,?,?,?,?,?,?,?,0,0,1,?,?,?,?,?,2,?,?,?,?,?,?,?,1,0,1,?,1,?,?,?,?,1,1,?,1,0,0,1,2,?,?,?,?,?,?,0,0,?,0,?,2,?,?,1,1,0,0,2,1,0,1,1,1,0,0,?,?,1,0,0
Orodromeus,0,0,1,0,?,?,0,1,0,0,0,0,0,0,0,0,?,?,?,0,1,1,2,?,0,0,0,?,?,?,?,0,0,1,0,0,1,1,1,1,0,?,0,0,1,1,?,0,0,1,1,1,?,1,1,0,1,1,0,0,2,1,0,0,1,1,?,0,0,3,0,0,(0 1),1,0,?,0,0,0,0,0,?,0,1,1,0,1,1,1,0,1,1,0,1,0,0,0,?,?,?,?,?,?,?,1,2,1,1,1,0,1,1,0,1,0,0,1,0,2,?,0,0,1,0,0,0,0,0,1,1,0,0,1,0,1,0,1,1,1,1,1,?,0,0,0,?,?,0,0,2,0,1,0,1,3,0,0,0,0,1,0,?,0,?,1,0,1,0,0,0,?,?,?,1,1,1,1,0,0,0,?,?,?,0,0,0,0,?,0,1,0,0,0,1,2,1,1,1,1,2,2,0,0,2,?,1,0,0,0,1,0,0,?,0,0,0,0,1,1,1,?,0,1,2,1,2,?,0,1,0,0,0,0,0,0,?,1,0,1,1,2,0,0,1,0,1,1,1,0,0,0,0,1,0,0
Skaladromeus,0,?,?,0,0,?,?,1,0,0,0,0,0,?,?,0,?,0,?,0,1,1,?,0,0,0,0,?,0,1,?,?,?,1,?,?,?,?,?,?,?,?,?,?,?,?,?,?,?,?,?,?,?,?,?,?,?,?,?,?,?,?,2,?,?,1,?,?,?,3,?,?,?,?,?,?,?,?,?,?,?,?,?,?,?,?,?,?,1,?,?,?,?,0,0,0,?,?,?,?,?,?,?,?,1,?,?,?,?,?,1,1,?,?,?,?,?,?,?,?,?,?,?,?,?,?,?,0,?,?,?,?,?,?,?,0,?,?,?,?,?,?,?,0,?,?,?,?,0,2,1,?,?,?,?,?,?,?,?,?,?,?,?,?,1,?,?,0,?,1,?,?,?,1,1,1,?,?,?,0,0,0,0,0,0,0,1,?,?,?,?,?,?,?,?,?,?,?,?,2,?,?,?,?,?,?,?,?,?,?,?,?,?,?,0,0,0,1,1,1,?,0,1,2,1,2,?,?,0,-,0,0,?,?,2,?,1,0,0,1,?,?,?,?,0,1,1,1,1,0,0,0,1,0,0
Koreanosaurus,0,?,?,?,?,?,?,?,?,?,?,?,?,?,?,?,?,?,?,?,?,?,?,?,?,?,?,?,?,?,?,?,?,?,?,?,?,?,?,?,?,?,?,?,?,?,?,?,?,?,?,?,?,?,?,?,?,?,?,?,?,?,?,?,?,?,?,?,?,?,?,?,?,?,?,?,?,?,?,?,?,?,?,?,?,?,?,?,?,?,?,?,?,?,?,?,?,?,?,?,?,?,?,?,?,?,?,?,?,?,?,?,?,?,?,?,?,?,?,?,?,?,?,?,?,?,?,?,?,?,?,?,?,?,?,?,?,?,?,?,?,?,?,?,?,?,?,?,0,2,1,?,0,?,?,0,?,?,?,?,?,?,?,0,1,1,1,0,1,0,0,0,?,1,0,1,0,?,?,?,?,?,?,?,?,?,?,?,?,1,?,?,?,?,?,1,1,1,?,?,?,?,?,?,?,1,1,?,?,?,?,?,?,?,0,0,1,1,1,1,0,0,1,2,1,2,?,0,0,-,0,0,0,1,3,?,1,0,1,1,?,?,?,?,?,?,?,?,?,?,?,?,?,?,?
Archaeoceratops,0,0,2,0,1,?,0,1,?,?,1,1,?,1,?,0,?,?,1,0,1,1,4,1,?,?,0,?,?,1,0,0,0,1,1,0,0,0,1,1,0,0,1,0,1,0,0,0,?,1,1,1,0,0,1,0,1,0,0,0,2,0,1,0,1,0,0,0,0,1,?,?,0,1,1,1,0,0,0,?,0,1,0,0,1,0,?,0,?,1,0,1,0,?,0,0,1,0,1,1,1,0,0,1,1,0,?,1,1,0,1,1,1,1,0,0,0,0,2,0,0,0,0,0,?,0,0,0,1,0,?,?,?,0,?,?,1,?,?,?,?,?,0,0,?,?,?,?,?,?,0,?,?,?,2,?,0,0,1,1,?,?,?,?,?,?,?,?,?,?,?,?,?,?,?,?,?,?,?,?,?,?,?,?,?,?,?,?,0,1,0,0,1,1,0,1,1,1,1,?,2,0,0,3,0,?,?,?,?,0,?,?,?,?,?,?,1,1,1,0,?,0,1,2,1,?,?,?,?,?,?,?,?,?,?,2,?,?,?,?,0,0,1,1,0,1,1,1,?,0,?,?,1,0,0
Lioceratops,?,0,2,0,1,?,0,1,?,?,1,?,?,1,1,0,?,1,0,0,1,1,?,0,0,?,0,1,?,1,0,0,?,1,1,0,0,0,1,1,0,0,1,0,1,0,?,1,?,1,1,1,0,0,?,?,?,0,0,0,2,?,1,0,1,0,0,0,0,2,?,?,0,1,1,0,0,0,0,0,0,0,0,0,0,0,?,0,1,1,0,1,0,?,0,0,0,0,1,1,0,0,0,1,1,0,1,1,1,0,1,1,0,1,0,0,?,0,?,0,0,0,?,?,?,?,0,0,1,0,?,0,?,0,1,0,1,?,?,?,?,1,?,?,?,?,?,?,?,?,?,?,?,?,?,?,?,?,?,?,?,?,?,?,?,?,?,?,?,?,?,?,?,?,?,?,?,?,?,?,?,?,?,?,?,?,?,?,?,?,?,?,?,?,?,?,?,?,?,?,?,?,?,?,?,?,?,?,?,?,?,?,?,?,?,?,?,?,?,?,?,?,?,?,?,?,?,?,?,?,?,?,?,?,?,?,?,?,?,?,?,?,?,?,?,?,?,?,?,?,?,?,?,?,?
Yinlong,?,0,2,0,?,0,0,1,?,?,0,0,?,?,?,0,1,0,?,0,?,1,2,?,0,?,?,?,?,?,?,0,0,1,1,?,0,0,1,1,0,0,1,?,1,0,0,1,?,1,1,1,0,0,1,0,1,1,0,0,2,0,1,0,1,0,0,0,0,1,?,?,0,1,0,1,1,1,1,?,0,0,0,?,0,0,?,0,?,1,0,?,0,?,0,0,0,0,1,1,0,0,0,1,1,0,0,1,1,0,1,1,0,1,0,0,1,?,?,0,0,0,1,0,1,1,0,0,0,?,?,0,?,?,1,0,1,?,?,?,2,1,?,0,?,?,?,?,?,?,?,?,?,?,?,?,?,?,?,?,?,?,?,?,?,?,?,?,?,?,?,?,?,?,?,?,?,?,?,?,?,?,?,?,?,?,?,?,0,1,0,1,1,1,0,1,?,?,1,?,2,0,0,3,0,?,?,?,?,?,?,?,?,?,0,?,?,?,?,?,?,0,1,2,1,2,?,0,?,?,?,?,?,?,?,?,?,?,?,?,?,?,?,?,?,?,?,?,?,0,?,?,?,0,0
Stenopelix,0,?,?,?,?,?,?,?,?,?,?,?,?,?,?,?,?,?,?,?,?,?,?,?,?,?,?,?,?,?,?,?,?,?,?,?,?,?,?,?,?,?,?,?,?,?,?,?,?,?,?,?,?,?,?,?,?,?,?,?,?,?,?,?,?,?,?,?,?,?,?,?,?,?,?,?,?,?,?,?,?,?,?,?,?,?,?,?,?,?,?,?,?,?,?,?,?,?,?,?,?,?,?,?,?,?,?,?,?,?,?,?,?,?,?,?,?,?,?,?,?,?,?,?,?,?,?,?,?,?,?,?,?,?,?,?,?,?,?,?,?,?,0,0,0,1,0,?,?,?,?,?,?,?,2,?,?,?,?,?,?,?,?,?,?,0,?,?,?,?,?,?,?,?,?,?,?,?,?,?,?,?,?,?,?,?,?,?,0,1,0,0,0,1,0,1,?,0,1,?,2,0,?,3,?,1,?,1,1,0,-,0,1,0,?,?,?,?,1,?,?,?,?,?,1,?,?,?,?,?,?,?,?,?,?,2,?,?,?,?,?,?,?,?,?,?,?,?,?,0,0,0,?,0,0
Micropachycephalosaurus,?,?,?,?,?,?,?,?,?,?,?,?,?,?,?,?,?,?,?,?,?,?,?,?,0,?,?,?,?,?,?,?,?,?,?,?,?,?,?,?,?,?,?,?,?,?,?,?,?,?,?,?,?,?,?,?,?,?,?,?,?,?,?,?,?,?,?,?,0,?,?,?,?,?,?,?,?,0,0,?,?,?,?,0,?,?,?,?,?,?,?,?,?,?,?,?,?,?,?,?,?,?,?,?,?,?,?,?,?,?,?,?,?,?,?,?,?,?,2,?,?,?,?,?,?,?,?,?,?,?,?,?,?,?,?,?,?,?,?,?,?,?,?,?,?,?,?,?,?,?,?,?,?,?,?,?,0,?,?,?,?,?,?,?,?,?,?,?,?,?,?,?,?,?,?,?,?,?,?,?,?,?,?,?,?,?,?,?,?,1,?,?,0,1,?,?,?,?,1,?,?,?,?,?,?,?,?,?,?,?,?,?,?,0,0,0,1,1,1,0,?,0,1,2,1,?,0,0,?,?,0,?,?,?,3,?,1,0,?,?,?,?,?,?,?,?,?,?,?,?,?,?,?,?,?
Wannanosaurus,?,?,?,?,0,?,?,?,1,?,?,?,?,?,?,?,?,?,?,?,0,?,?,0,0,?,0,0,?,0,?,?,?,?,?,?,?,?,?,?,?,?,?,?,?,?,?,?,?,?,?,?,?,?,2,1,?,?,0,?,?,?,1,0,?,0,?,?,?,1,?,0,?,?,?,?,?,?,?,?,?,?,?,?,?,?,?,0,?,1,0,?,0,?,1,0,?,?,?,?,?,?,?,?,?,?,0,?,?,0,1,1,0,1,?,0,0,0,?,?,?,?,?,?,?,?,?,0,1,?,?,?,?,?,?,?,?,?,?,?,?,?,?,?,?,?,?,?,0,?,0,?,?,?,?,?,?,?,?,?,?,?,?,?,?,?,?,?,?,?,?,?,?,1,0,?,?,?,?,?,?,?,?,?,?,?,?,?,?,1,?,?,?,1,?,?,?,?,?,?,?,?,?,?,?,?,?,?,?,?,?,?,?,?,0,0,?,?,?,?,?,?,1,?,?,?,?,0,0,?,?,?,0,0,?,?,?,?,?,?,?,?,?,?,?,?,?,?,?,?,?,?,?,?,?
Hypsilophodon,0,0,0,0,1,-,0,2,0,0,1,1,1,1,1,0,0,1,0,0,1,1,0,0,0,1,0,1,0,1,0,0,0,1,0,0,0,1,1,1,0,1,0,1,1,0,1,0,0,1,1,1,0,1,1,0,1,0,0,1,1,1,0,0,1,1,0,0,0,0,?,?,1,1,0,0,0,0,0,0,0,1,0,0,0,0,?,0,0,0,0,0,0,0,0,0,0,1,1,1,1,0,0,0,1,2,0,1,1,0,1,1,0,1,1,0,1,0,0,0,0,0,1,1,0,0,0,1,1,1,?,0,0,0,1,0,1,1,0,0,1,0,0,0,1,1,0,0,0,1,0,1,0,1,2,0,0,0,1,1,1,1,0,1,0,0,1,1,0,0,0,0,0,1,0,1,0,1,0,0,0,0,0,0,0,0,?,?,0,1,0,0,0,1,0,1,1,1,1,1,2,0,1,2,1,1,0,0,0,1,1,0,1,0,0,0,1,1,1,0,0,0,1,2,1,?,0,0,?,?,0,0,0,0,3,2,1,0,2,0,1,0,0,1,1,1,1,1,1,0,0,1,1,0,0
Atlascoposaurus,?,?,?,?,?,?,?,2,0,1,1,1,1,?,0,0,?,1,1,1,?,1,?,0,0,1,0,?,1,1,?,?,?,?,?,?,?,?,?,?,?,?,?,?,?,?,?,?,?,?,1,1,?,?,?,?,?,?,?,?,?,?,?,?,?,?,?,?,?,?,?,?,?,?,?,?,?,?,?,?,?,?,?,?,?,?,?,?,?,?,?,?,?,?,?,?,?,?,?,?,?,?,?,?,?,?,1,?,?,?,1,1,?,?,?,?,?,?,?,?,?,?,?,?,?,?,?,?,?,?,?,?,?,?,?,?,?,?,?,?,?,?,?,?,?,?,?,?,?,?,?,?,?,?,?,?,?,?,?,?,?,?,?,?,?,?,?,?,?,?,?,?,?,?,?,?,?,?,?,?,?,?,?,?,?,?,?,?,?,?,?,?,?,?,?,?,?,?,?,?,?,?,?,?,?,?,?,?,?,?,?,?,?,?,?,?,?,?,?,?,?,?,?,?,?,?,?,?,?,?,?,?,?,?,?,?,?,?,?,?,?,?,?,?,?,?,?,?,?,?,?,?,?,?,?
Qantassaurus,?,?,?,?,?,?,?,?,0,?,?,?,?,?,0,?,?,?,?,?,0,?,4,0,0,1,0,0,0,1,0,?,?,?,?,?,?,?,?,?,?,?,?,?,?,?,?,?,?,?,?,?,?,?,?,?,?,?,?,?,?,?,?,?,?,?,?,?,?,?,?,?,?,?,?,?,?,?,?,?,?,?,?,?,?,?,?,?,?,?,?,?,?,?,?,?,?,?,?,?,?,?,?,?,1,2,0,1,1,0,1,1,0,?,?,?,?,?,?,?,?,?,?,?,?,?,?,?,?,?,?,?,?,?,?,?,?,?,?,?,?,?,?,?,?,?,?,?,?,?,?,?,?,?,?,?,?,?,?,?,?,?,?,?,?,?,?,?,?,?,?,?,?,?,?,?,?,?,?,?,?,?,?,?,?,?,?,?,?,?,?,?,?,?,?,?,?,?,?,?,?,?,?,?,?,?,?,?,?,?,?,?,?,?,?,?,?,?,?,?,?,?,?,?,?,?,?,?,?,?,?,?,?,?,?,?,?,?,?,?,?,?,?,?,?,?,?,?,?,?,?,?,?,?,?
Anabisetia,?,?,?,?,1,-,?,1,-,?,1,?,?,1,?,0,?,?,1,1,?,1,?,?,0,?,?,?,?,0,?,?,?,?,?,?,?,?,?,?,?,?,?,?,?,?,?,?,?,1,1,1,?,0,?,?,?,?,?,?,?,?,?,?,?,?,?,?,?,?,?,?,?,?,?,?,?,?,?,?,?,?,?,?,?,?,?,?,?,?,?,?,?,?,?,?,?,?,?,?,?,?,?,?,?,?,1,?,?,?,1,1,?,?,?,?,?,?,?,?,?,?,?,?,?,?,?,?,?,?,?,0,?,?,?,?,0,?,?,?,?,?,?,?,1,?,?,?,?,?,?,?,?,?,?,?,?,?,?,?,?,?,?,?,0,0,1,0,0,?,?,0,?,0,2,?,?,?,0,?,?,?,?,?,?,?,?,?,0,1,0,1,0,1,0,1,?,?,1,?,2,0,0,1,1,1,1,0,0,1,0,?,?,1,0,0,?,1,1,0,1,1,1,2,1,2,?,0,1,0,0,0,0,?,?,?,?,?,?,?,?,?,?,?,?,?,?,?,?,0,0,0,1,0,0
Gasparinisaura,0,?,?,0,?,?,?,1,?,?,1,1,?,1,?,0,0,1,1,1,?,1,0,?,0,?,0,0,0,?,0,0,?,1,?,?,?,?,?,?,?,?,?,?,?,?,?,?,?,?,1,1,0,?,1,0,0,?,0,1,1,1,?,0,0,1,0,0,1,0,?,?,0,1,0,0,0,0,0,1,1,1,0,?,?,?,?,0,0,0,0,0,0,?,0,?,0,?,?,?,?,?,?,?,1,2,0,?,1,0,1,1,?,1,0,0,1,0,0,?,?,0,1,0,1,?,0,0,1,?,?,0,1,0,1,0,0,?,?,2,?,0,0,0,?,1,0,?,?,1,?,?,?,?,2,1,0,?,1,1,0,1,?,?,0,?,1,0,0,?,?,?,?,?,1,0,?,0,0,?,?,?,?,?,?,?,?,?,0,1,0,1,0,1,0,1,1,1,1,0,2,0,0,2,1,1,1,?,0,1,?,0,1,?,0,0,?,1,1,1,1,1,1,2,1,2,?,0,0,-,0,0,0,0,2,2,1,0,1,0,0,0,2,1,1,1,2,1,1,0,1,-,1,1,1
Zalmoxes_r_,0,1,-,0,1,1,-,2,0,1,1,1,1,1,1,1,?,1,0,0,0,1,1,0,0,1,1,0,1,1,?,1,0,1,0,0,0,1,-,-,0,1,0,1,1,?,0,?,0,1,1,1,0,?,?,?,?,0,0,0,2,1,?,0,?,0,1,?,1,0,?,?,0,1,1,0,0,0,1,1,1,1,0,0,1,0,?,0,1,0,0,1,1,0,0,1,1,0,2,1,1,0,0,1,1,0,1,?,1,0,1,1,1,1,1,0,1,2,2,0,1,?,?,0,1,?,1,0,1,?,?,0,0,0,2,0,0,?,?,1,?,0,0,?,?,?,?,?,0,1,0,?,0,?,3,2,0,1,0,1,?,?,?,?,0,0,?,0,?,?,?,?,?,1,1,0,?,1,?,?,?,?,?,?,?,?,?,?,1,1,1,0,1,1,0,?,?,1,?,?,?,?,?,?,?,1,1,1,0,0,-,1,1,0,1,1,0,1,1,1,0,0,1,2,1,2,0,1,1,0,1,0,1,1,?,2,1,0,1,?,0,0,2,1,0,?,?,?,?,?,1,?,?,?,?
Zalmoxes_s_,0,?,?,0,1,-,?,?,0,?,1,1,1,1,1,?,?,?,?,?,0,1,1,0,0,1,1,0,1,1,0,?,?,1,?,?,?,?,?,?,?,?,?,?,?,?,?,?,?,?,?,?,?,?,?,?,?,0,0,0,2,1,?,0,0,0,1,0,?,0,?,?,?,?,?,?,0,?,?,1,1,?,?,0,1,1,?,0,?,0,0,?,1,0,?,1,1,1,?,?,1,?,?,?,1,0,1,0,1,0,1,1,1,1,?,0,1,?,2,?,?,?,?,?,?,?,1,0,?,?,?,0,?,0,2,0,0,?,?,?,?,?,0,?,?,1,0,?,0,?,0,?,0,?,3,2,?,1,?,?,?,?,?,?,0,0,0,0,1,0,?,?,?,1,1,0,?,1,?,?,?,?,?,?,?,?,?,?,1,1,1,0,1,1,0,?,1,1,1,?,2,0,0,2,1,1,1,1,0,0,-,1,1,1,1,1,0,1,1,1,0,0,1,2,1,2,0,1,1,1,1,0,1,1,?,2,1,0,?,?,0,?,?,?,0,?,?,?,?,?,?,?,?,?,?
Tenontosaurus_d_,0,0,2,0,1,?,?,?,0,1,1,1,1,1,1,?,0,0,0,1,?,1,1,?,0,1,1,0,0,1,0,1,?,1,0,0,1,?,1,1,0,?,0,?,1,?,?,1,1,?,1,1,?,0,1,0,?,?,?,?,?,1,0,0,0,0,1,0,0,0,?,?,0,1,0,0,0,0,1,?,1,?,0,?,?,1,?,0,1,0,?,?,1,0,?,0,1,?,?,1,1,1,?,0,1,2,1,?,1,0,1,1,1,1,?,0,1,?,?,0,1,0,1,0,1,1,1,0,1,0,?,0,1,?,?,?,1,?,?,?,?,0,0,0,1,1,0,1,1,?,0,?,1,1,2,1,0,1,1,?,?,?,?,0,0,0,1,0,0,0,0,1,?,1,1,0,0,1,0,0,?,?,?,1,0,?,?,?,1,1,0,1,0,1,0,1,?,1,1,?,2,1,?,1,1,1,1,1,0,1,0,0,1,1,1,0,0,1,1,0,0,0,1,2,1,2,?,1,1,1,1,0,1,1,2,2,1,0,3,0,?,?,?,?,?,?,1,1,?,0,0,1,1,0,0
Tenontosaurus,0,1,?,0,1,?,?,?,0,1,1,1,1,1,1,?,?,0,0,1,?,1,1,?,0,1,1,0,0,1,0,1,?,?,?,0,?,?,?,?,?,?,?,?,?,?,1,?,0,?,?,?,?,0,?,?,?,0,0,1,1,1,0,?,?,1,1,0,0,?,?,?,1,?,?,?,0,?,?,0,?,?,0,0,?,1,0,0,1,?,?,?,?,1,0,0,1,?,1,?,0,1,?,?,?,?,1,0,1,?,?,?,1,?,0,?,1,2,?,1,1,?,?,?,1,?,1,1,?,0,?,0,1,2,?,?,1,0,0,2,0,?,0,0,1,1,0,1,1,?,0,?,1,1,2,1,0,1,1,1,0,?,1,0,0,0,1,0,0,0,0,1,?,1,1,0,0,1,0,0,0,0,0,1,0,1,?,?,1,1,0,1,0,1,0,1,1,1,1,0,2,0,1,1,1,1,1,0,0,1,0,0,0,0,1,0,0,1,1,0,0,0,1,2,1,2,0,1,1,1,1,0,1,0,2,2,1,0,3,0,0,0,2,1,1,1,1,1,0,0,(0 1),0,1,0,0
Rhabdodon_p_,0,?,?,?,?,?,?,?,0,?,1,1,1,1,1,?,?,1,0,1,?,1,1,?,0,1,?,?,1,1,?,?,?,?,?,?,?,?,?,?,?,?,?,?,?,0,?,?,0,?,?,?,?,?,?,?,?,?,?,?,?,?,?,?,?,?,?,?,?,?,?,?,?,?,?,?,0,?,?,?,?,?,0,0,0,?,0,?,?,?,?,?,?,?,?,?,?,?,?,?,?,?,?,?,?,?,1,1,1,?,1,1,1,?,?,1,1,0,?,?,?,?,?,?,?,?,?,?,?,?,0,?,?,?,?,?,1,0,0,?,?,?,0,?,?,?,?,?,0,?,?,?,1,?,?,1,0,1,1,1,?,?,?,?,0,?,0,0,0,?,?,?,?,1,0,1,0,1,?,?,?,?,?,?,?,?,?,?,1,?,?,0,?,?,?,?,1,?,?,2,?,?,?,?,?,?,1,0,?,0,?,1,?,1,1,1,?,1,1,0,0,0,1,?,?,?,0,0,?,?,1,?,1,0,?,?,?,0,1,?,0,1,2,?,?,?,2,0,1,?,1,-,?,1,?
Muttaburrasaurus,0,?,?,?,1,?,?,1,0,?,1,1,?,?,?,0,?,1,1,?,?,1,?,?,0,?,?,?,?,1,?,?,?,?,?,?,?,?,?,?,?,?,0,?,1,?,?,0,?,?,1,1,0,?,1,0,?,0,0,1,?,1,0,0,0,0,0,1,1,0,?,?,0,?,0,?,?,0,1,?,?,?,1,?,?,0,?,?,?,0,?,?,?,?,1,?,1,0,?,?,?,?,?,?,?,?,?,?,?,?,1,1,?,?,?,?,1,?,?,?,?,1,?,0,?,?,?,?,1,?,?,0,?,0,?,?,1,?,?,?,?,?,0,0,?,?,?,0,1,1,?,?,1,?,2,?,?,?,?,?,?,?,?,?,0,0,?,0,?,?,?,?,?,0,?,1,0,1,0,0,?,?,?,?,?,?,0,?,1,1,0,1,?,1,?,1,?,1,1,?,2,?,?,1,1,1,?,?,?,?,?,?,?,?,1,?,0,1,1,0,0,0,1,2,1,2,0,1,1,0,1,0,1,?,?,2,1,?,1,?,0,1,0,1,?,1,?,?,?,0,1,-,1,?,?
Elrhazosaurus,?,?,?,?,?,?,?,?,?,?,?,?,?,?,?,?,?,?,?,?,?,?,?,?,?,?,?,?,?,?,?,?,?,?,?,?,?,?,?,?,?,?,?,?,?,?,?,?,?,?,?,?,?,?,?,?,?,?,?,?,?,?,?,?,?,?,?,?,?,?,?,?,?,?,?,?,?,?,?,?,?,?,?,?,?,?,?,?,?,?,?,?,?,?,?,?,?,?,?,?,?,?,?,?,?,?,?,?,?,?,?,?,?,?,?,?,?,?,?,?,?,?,?,?,?,?,?,?,?,?,?,?,?,?,?,?,?,?,?,?,?,?,?,?,?,?,?,?,?,?,?,?,?,?,?,?,?,?,?,?,?,?,?,?,?,?,?,?,?,?,?,?,?,?,?,?,?,?,?,?,?,?,?,?,?,?,?,?,?,?,?,?,?,?,?,?,?,?,?,?,?,?,?,?,?,?,?,?,?,?,?,?,?,?,0,0,0,1,1,0,0,0,1,2,1,?,1,0,1,2,0,0,?,?,?,?,?,?,0,?,?,?,?,?,?,?,?,?,?,?,?,?,?,?,?
Dysalotosaurus,0,1,-,0,?,?,-,2,1,?,?,?,?,1,1,?,1,1,1,1,0,1,1,?,0,1,1,0,0,1,0,0,0,1,0,0,1,0,-,-,-,0,0,?,1,0,0,1,1,1,1,1,0,0,1,0,1,0,0,1,1,0,1,0,0,0,0,1,1,0,1,0,0,0,0,1,0,0,1,1,?,0,1,0,1,0,1,0,1,0,0,?,?,?,0,0,0,?,1,1,1,1,0,1,1,1,0,1,1,0,1,1,1,1,0,1,1,0,?,1,1,0,1,0,1,1,0,0,1,0,0,0,0,?,1,1,1,1,0,2,2,1,0,0,1,1,0,0,1,1,?,?,1,1,2,?,0,1,1,2,1,?,?,0,0,?,0,1,0,?,0,?,?,?,1,1,0,1,0,?,?,?,?,1,0,?,?,?,1,1,0,1,0,1,0,1,1,1,1,1,2,1,1,1,1,1,0,1,0,1,0,1,?,1,0,1,0,1,1,0,0,1,1,2,1,2,1,0,1,1,1,0,1,?,?,2,1,0,3,?,3,1,?,1,1,?,?,0,?,0,0,?,1,1,1
Dryosaurus,0,1,-,0,1,1,-,2,1,1,1,1,1,1,1,1,?,1,1,1,0,1,1,?,0,1,1,1,0,1,0,0,0,1,0,0,1,0,-,-,-,0,0,?,1,0,0,1,1,1,1,1,0,0,1,0,0,0,0,0,1,0,1,0,0,0,0,1,1,0,1,0,0,0,0,1,0,0,1,0,?,0,1,0,1,0,0,0,1,0,0,?,?,1,0,0,0,?,1,1,1,1,0,1,1,2,1,1,1,0,1,1,1,1,0,1,0,0,?,1,1,0,1,0,1,1,0,0,1,0,0,0,0,?,1,1,1,0,0,2,0,1,0,0,1,1,0,?,1,1,1,?,1,?,2,1,0,1,1,2,0,?,1,0,0,?,0,1,?,?,?,?,?,0,1,1,0,0,0,?,0,?,?,1,0,?,?,?,1,1,0,1,0,1,0,1,1,1,1,0,2,1,1,1,1,1,0,(0 1),0,1,0,1,?,1,0,1,0,1,1,0,0,1,1,2,1,2,1,0,1,0,1,0,1,0,0,2,1,0,3,?,3,1,0,1,1,1,1,1,1,?,0,0,1,1,1
Callovosaurus,?,?,?,?,?,?,?,?,?,?,?,?,?,?,?,?,?,?,?,?,?,?,?,?,?,?,?,?,?,?,?,?,?,?,?,?,?,?,?,?,?,?,?,?,?,?,?,?,?,?,?,?,?,?,?,?,?,?,?,?,?,?,?,?,?,?,?,?,?,?,?,?,?,?,?,?,?,?,?,?,?,?,?,?,?,?,?,?,?,?,?,?,?,?,?,?,?,?,?,?,?,?,?,?,?,?,?,?,?,?,?,?,?,?,?,?,?,?,?,?,?,?,?,?,?,?,?,?,?,?,?,?,?,?,?,?,?,?,?,?,?,?,?,?,?,?,?,?,?,?,?,?,?,?,?,?,?,?,?,?,?,?,?,?,?,?,?,?,?,?,?,?,?,?,?,?,?,?,?,?,?,?,?,?,?,?,?,?,?,?,?,?,?,?,?,?,?,?,?,?,?,?,?,?,?,?,?,?,?,?,?,?,?,?,0,0,0,1,1,0,0,0,1,1,1,2,1,0,1,1,1,0,?,?,?,?,?,?,?,?,?,?,?,?,?,?,?,?,?,?,?,?,?,?,?
Valdosaurus,?,?,?,?,?,?,?,?,?,?,?,?,?,?,?,?,?,?,?,?,?,?,?,?,?,?,?,?,?,?,?,?,?,?,?,?,?,?,?,?,?,?,?,?,?,?,?,?,?,?,?,?,?,?,?,?,?,?,?,?,?,?,?,?,?,?,?,?,?,?,?,?,?,?,?,?,?,?,?,?,?,?,?,?,?,?,?,?,?,?,?,?,?,?,?,?,?,?,?,?,?,?,?,?,?,?,?,?,?,?,?,?,?,?,?,?,?,?,?,?,?,?,?,?,?,?,?,?,?,?,?,?,?,?,?,?,?,?,?,?,?,?,?,?,?,?,?,?,1,2,1,?,?,?,?,?,?,?,?,?,?,?,?,?,?,?,?,?,?,?,?,?,?,?,?,?,?,?,?,?,?,?,?,?,?,?,?,?,?,?,?,?,?,?,?,1,?,?,?,?,2,?,1,2,?,?,?,0,0,1,?,1,1,?,0,0,0,1,1,0,0,0,1,2,1,2,1,0,1,2,1,0,0,0,2,2,1,1,3,0,?,?,?,1,0,1,1,?,0,1,1,-,-,1,-
Camptosaurus,?,1,?,0,?,?,?,?,1,1,1,1,1,1,1,?,?,0,1,1,?,1,1,?,?,1,?,1,0,0,?,1,?,1,0,1,?,?,?,?,?,?,?,?,?,0,0,?,1,?,?,?,?,?,?,?,?,0,0,1,1,1,1,?,?,1,0,1,?,?,0,1,0,?,?,?,0,?,?,0,?,?,1,0,1,1,0,1,1,?,0,0,1,1,1,0,1,?,2,?,0,1,?,1,?,?,1,1,1,?,?,?,1,?,1,1,1,?,?,1,1,?,?,?,1,?,0,0,?,0,1,1,0,?,?,?,0,0,1,2,0,0,?,0,?,?,1,?,0,?,?,?,1,?,?,2,1,1,1,1,1,?,0,0,0,?,1,1,0,?,?,?,?,0,1,1,0,1,1,1,1,?,?,1,0,1,?,?,1,?,0,0,0,?,?,?,1,?,?,0,?,?,1,?,?,?,1,(0 1),?,1,?,1,?,1,1,0,0,1,?,0,0,0,1,?,?,?,0,1,1,1,1,?,1,1,?,?,?,0,?,0,0,1,2,?,?,?,?,0,?,?,1,?,?,1,0
Iguanodon,?,?,?,0,?,?,?,?,1,1,1,1,1,1,1,?,?,0,1,1,?,1,1,?,?,1,?,2,0,0,?,1,?,1,0,1,?,?,?,?,?,?,?,?,?,0,?,?,1,?,?,?,?,?,?,?,?,?,0,1,2,1,?,?,?,1,0,0,?,?,2,1,0,?,?,?,1,?,?,1,?,?,1,0,1,1,0,0,1,?,0,?,1,1,1,1,1,?,2,?,0,1,?,1,?,?,1,1,0,?,?,?,1,?,2,1,1,?,?,?,1,?,?,?,?,?,0,?,?,?,1,1,1,2,?,?,0,0,0,2,2,0,?,1,?,?,1,?,1,?,?,?,1,?,?,2,1,1,1,1,1,?,2,0,0,?,2,1,0,?,?,?,?,?,1,2,1,0,1,1,1,?,?,1,1,1,?,?,1,?,0,1,0,?,?,?,1,?,?,1,?,?,?,?,?,?,1,1,?,1,?,1,?,1,1,0,?,1,?,0,1,0,1,?,?,?,0,1,1,3,1,?,1,1,?,?,?,1,5,?,0,1,2,?,?,?,2,0,1,?,1,?,?,1,1
Ouranosaurus,?,?,?,0,?,?,?,?,1,?,?,?,?,?,1,?,?,?,?,?,?,1,?,?,?,1,?,?,?,?,?,1,?,1,0,?,?,?,?,?,?,?,?,?,?,0,?,?,1,?,?,?,?,?,?,?,?,?,0,1,2,0,?,?,?,1,?,0,?,?,2,1,0,?,?,?,1,?,?,1,?,?,1,0,0,1,?,0,?,?,0,0,1,1,1,1,1,?,2,?,?,?,?,0,?,?,?,1,0,?,?,?,?,?,1,1,1,?,?,?,?,?,?,?,?,?,?,?,?,?,1,1,1,2,?,?,0,0,0,0,2,?,?,?,?,?,?,?,?,?,?,?,1,?,?,?,?,?,?,?,?,?,2,?,0,?,2,1,?,?,?,?,?,?,?,2,1,0,?,1,?,?,?,?,?,?,?,?,1,?,?,?,?,?,?,?,?,?,?,?,?,?,?,?,?,?,1,?,?,?,?,1,?,1,?,?,?,0,?,0,?,0,1,?,?,?,0,?,?,?,?,?,?,1,?,?,?,1,4,0,0,1,2,?,?,?,2,?,?,?,?,?,?,1,?
